<?xml version="1.0" encoding="UTF-8"?>
<Configuration status="WARN">
  <Appenders>
    <Console name="Console" target="SYSTEM_OUT">
    	<Filters>
<!--     		<ThresholdFilter level="WARN" onMatch="ACCEPT" onMismatch="NEUTRAL"/> -->
<!--         	<ThresholdFilter level="ERROR" onMatch="ACCEPT" onMismatch="NEUTRAL"/>	 -->
			<MarkerFilter marker="SECURITY" onMatch="DENY" onMismatch="NEUTRAL"/>
        	<ThresholdFilter level="INFO" onMatch="ACCEPT" onMismatch="DENY"/>
       	</Filters>
      <PatternLayout pattern="%d{yyyy-MMM-dd HH:mm:ss.SSS} [%t] %-5level %logger{36} - %msg%n"/>
    </Console>
    <RollingFile name="File" fileName="./logs/centralniModul.log" immediateFlush="true" append="true" locking="true"
        filePattern="./logs/centralniModul-%d{HH MM-dd-yyyy}-%i.log">
		<Filters>
			<MarkerFilter marker="SECURITY" onMatch="DENY" onMismatch="NEUTRAL"/>
			<ThresholdFilter level="INFO" onMatch="ACCEPT" onMismatch="DENY"/>
		</Filters>
    	<PatternLayout pattern="%d{yyyy-MMM-dd HH:mm:ss} %-5level %logger{36} - %msg%n"/>
    	<Policies>              
            <TimeBasedTriggeringPolicy interval="1" modulate="true"/>
           <SizeBasedTriggeringPolicy size="250 KB" /> 
        </Policies>
    </RollingFile>
	<RollingFile name="CriticalFile" fileName="./logs/centralniModul_critical.log" immediateFlush="true" append="true" locking="true"
        filePattern="./logs/centralniModul-%d{HH MM-dd-yyyy}-%i_critical.log">
        <Filters>
			<ThresholdFilter level="WARN" onMatch="ACCEPT" onMismatch="NEUTRAL"/>
			<MarkerFilter marker="SECURITY" onMatch="ACCEPT" onMismatch="DENY"/>
        </Filters>
    	<PatternLayout pattern="%d{yyyy-MMM-dd HH:mm:ss.SSS} %-5level %logger{36} - %msg%n"/>
    	<Policies>              
            <TimeBasedTriggeringPolicy interval="1" modulate="true"/>
           <SizeBasedTriggeringPolicy size="100 KB" /> 
        </Policies>
    </RollingFile>
  </Appenders>
  <Loggers>
    <Root level="debug">
      <AppenderRef ref="Console"/>
      <AppenderRef ref="File"/>
      <AppenderRef ref="CriticalFile"/>
    </Root>
  </Loggers>
</Configuration>